{"cameraMode":{"drawMode":0,"name":"Shaded","section":"Shading Mode"},"sceneLighting":false,"audioPlay":false,"sceneViewState":{"showFog":true,"showMaterialUpdate":false,"showSkybox":true,"showFlares":true,"showImageEffects":true,"showParticleSystems":true},"in2DMode":false,"pivot":{"x":-1.0000008344650269,"y":3.0099990367889406,"z":29.99999237060547},"rotation":{"x":-0.12341862171888352,"y":-0.050574395805597308,"z":0.006354544311761856,"w":-0.9910447597503662},"size":8.405108451843262,"orthographic":true}